{
  "project_info": {
    "project_number": "243854489158",
    "project_id": "reunitetest",
    "storage_bucket": "reunitetest.firebasestorage.app"
  },
  "client": [
    {
      "client_info": {
        "mobilesdk_app_id": "1:243854489158:android:5e3bde24d4d59251ecbc47",
        "android_client_info": {
          "package_name": "com.example.reunitetest"
        }
      },
      "oauth_client": [
        {
          "client_id": "243854489158-d4h2rb1aht966ononv0j1gbo3t4r7co5.apps.googleusercontent.com",
          "client_type": 1,
          "android_info": {
            "package_name": "com.example.reunitetest",
            "certificate_hash": "779c51b6f09f5a99e00d20a43d1f7d8606fcda0c"
          }
        },
        {
          "client_id": "243854489158-giu9qgl8tnp72l53dn0pn2kca2o9g61u.apps.googleusercontent.com",
          "client_type": 3
        }
      ],
      "api_key": [
        {
          "current_key": "YOUR_GOOGLE_API_KEY"
        }
      ],
      "services": {
        "appinvite_service": {
          "other_platform_oauth_client": [
            {
              "client_id": "243854489158-giu9qgl8tnp72l53dn0pn2kca2o9g61u.apps.googleusercontent.com",
              "client_type": 3
            }
          ]
        }
      }
    }
  ],
  "configuration_version": "1"
}